epoch,accuracy,auc,loss,lr,pr_auc,precision,recall,val_accuracy,val_auc,val_loss,val_pr_auc,val_precision,val_recall
0,0.5266157984733582,0.9180450439453125,0.17538569867610931,0.0005,0.7192132472991943,0.771965742111206,0.5423098802566528,0.5329040884971619,0.9536246061325073,0.13269945979118347,0.8221557140350342,0.8660162091255188,0.62315833568573
1,0.5525596737861633,0.9541788101196289,0.13182760775089264,0.0005,0.8226925730705261,0.8404908776283264,0.6483238935470581,0.5697070360183716,0.9604103565216064,0.12151743471622467,0.8476619124412537,0.8692552447319031,0.6750370860099792
2,0.5676358342170715,0.9649418592453003,0.11537347733974457,0.0005,0.8579393625259399,0.8630409240722656,0.6987041234970093,0.5468454957008362,0.9596738219261169,0.1262388825416565,0.8370413780212402,0.8186774849891663,0.6980217695236206
3,0.5741623640060425,0.9723737239837646,0.10359138995409012,0.0005,0.8808387517929077,0.8738011121749878,0.729094922542572,0.5628544688224792,0.9646655917167664,0.11488908529281616,0.8618878126144409,0.8449136018753052,0.7203323245048523
4,0.5840408802032471,0.9784295558929443,0.09198765456676483,0.0005,0.902707040309906,0.8874542713165283,0.7628768682479858,0.5915642976760864,0.9600874781608582,0.122335284948349,0.8501503467559814,0.8631958961486816,0.6870055794715881
5,0.5941113233566284,0.9830137491226196,0.08217433094978333,0.0005,0.9197267293930054,0.8976673483848572,0.788625955581665,0.548026978969574,0.9617944955825806,0.12128597497940063,0.8565071821212769,0.8224351406097412,0.7301226258277893
6,0.6045213341712952,0.987474262714386,0.07144924998283386,0.0005,0.9371775388717651,0.9100556373596191,0.8180331587791443,0.5380434989929199,0.9597233533859253,0.1271163821220398,0.8509163856506348,0.8078182935714722,0.7314613461494446
